file,energy_0,homogenity_0,entropy_0,contras_0,correlation_0,energy_45,homogenity_45,entropy_45,contras_45,correlation_45,energy_90,homogenity_90,entropy_90,contras_90,correlation_90,energy_135,homogenity_135,entropy_135,contras_135,correlation_135
train\grayscale.jpg,0.08753380785000678,358.29494983278016,8.997617358935539,357.29494983277647,0.966918976246161,0.08803067780225622,390.0216664243062,9.029586608907993,389.0216664243094,0.9638383679190637,0.11268150169932967,134.43110367893067,8.56430949530948,133.4311036789298,0.9876343552095381,0.0803328264019568,380.41231082425776,9.03558904242228,379.41231082426145,0.9647256698813942
